y_true,pred_mean,pred_sd,CI_2.5%,CI_97.5%
267200.0,308047.8887589867,3359.074612225548,301439.63593895326,314123.9360965359
252360.0,274191.40421979205,3642.093272433771,267042.4215118156,280664.5921221995
263876.0,321455.5822019232,3108.2029629896956,315527.64033047645,327377.67900065175
391905.0,386874.1418444024,10871.776595756279,368881.6845210773,409925.7527522371
275790.0,298133.9383933787,5553.516230544488,287128.86661250604,308305.8489585983
339923.0,315612.9663328273,3778.6192991541343,308733.6402739372,322033.67944547854
285826.0,274293.3262160232,3624.707091362608,267803.1741401822,281620.099027903
279097.0,265085.52210645325,3790.877671577828,258763.90790881243,272503.7697587045
301866.0,322340.56209219317,4676.374428749077,313800.6775909192,332613.1872572936
338319.0,338837.8312685083,4817.6729843023195,328893.6009789035,348475.9451855133
279290.0,312040.6333817275,4050.070722863311,304161.8375379563,320886.00051057065
280893.0,309587.6199873792,3797.2309530840425,302057.50876892655,317306.454193174
277965.0,246035.1281547315,12559.512854991257,224417.49015950755,273545.42884293175
270076.0,295291.172579189,7630.429065029268,280016.02008239727,310488.39845738874
218667.0,250562.383470248,4658.769464539654,242671.65350797863,259700.93838935433
239804.0,276229.20542673755,3771.439814678678,268888.3490111894,284037.39151763543
257380.0,249846.18680459476,4001.90902786418,242390.94395099056,257835.73858407643
246622.0,223611.33217908873,3621.4766479761042,216686.66388734797,229846.88820484234
164655.0,177027.30419696466,2367.6402903848784,172446.01501825626,181467.562106994
179252.0,170929.97729891815,4033.366928724385,163736.36143524537,178871.9896318125
182197.0,226362.8408837575,4576.439288615348,216757.6289291337,235371.88492681884
192868.0,171204.13484235667,4175.638527881724,162696.93222504307,178952.93284219786
177773.0,169148.6876534411,2783.3069546918705,163713.47486134953,175092.1924897082
149274.0,159542.37775622096,2461.9534407188985,154474.27077975016,164116.8698065816
147469.0,173721.6462056677,3261.5070609507457,167974.1288672385,179758.50620503412
189429.0,225167.4021785422,4796.697233403113,216188.29789753744,234744.90200861346
168903.0,184909.61835671723,3239.9774885338393,179265.2504199055,192263.25364839262
155373.0,151065.58011282346,2656.470850732973,146615.90376690237,155938.37683160315
162339.0,168715.89610184653,2830.4830295341553,163028.05876413456,173930.89536017118
153230.0,162658.37633911808,2696.5547005776693,157024.923294003,167569.49174515938
159553.0,155787.19563727768,2709.4476671707152,151166.0845961625,160668.43902261998
142701.0,150746.60996758228,2330.8998121222276,146294.7861365127,155432.42106107695
134873.0,153258.2479281933,2387.426789553161,149072.20839310676,157726.6119343379
142322.0,166085.93095158122,2327.9448704793303,162022.24567271635,170481.56049783982
161859.0,156202.7058823294,2534.795608800452,151653.9589124827,161359.35596269532
156765.0,146919.83898871683,2515.940136037149,142121.74139560715,152115.57537138023
166034.0,153397.08821915655,3814.5986371294034,145767.70846409304,160192.63619763879
145220.0,156869.94255356255,2393.557182343166,152786.24768620994,161640.18524880166
139562.0,166005.7079287924,2261.697468988853,161787.31099297787,170108.07783134453
154859.0,163370.36952786456,2621.631280838465,158399.77892121932,167958.76281173143
160295.0,172521.1512433875,1876.8098891139064,168905.38065726968,176049.89788602354
150172.0,169331.0231656814,2263.366358252367,165032.0623069848,173828.66168085037
146790.0,157822.15136172858,2987.14765681109,151886.8161262408,162850.59534787625
148812.0,158506.02843742303,2327.640951769189,153930.11181601096,163154.26736140784
163581.0,163002.04785093022,2433.5008357933775,158272.19139106633,167575.38562256825
159824.0,167141.2028310778,2688.9029846147537,161704.55071488448,172093.68064374893
161494.0,176915.32922453512,3861.689392962143,169124.86146716596,184340.3217875688
162907.0,172941.69264667336,2906.9776063789463,167037.4548525965,178161.44589184647
146759.0,168115.6166227856,2997.218111958689,161593.67514888657,173671.86960751604
169486.0,159798.3761499546,3034.671724306996,153767.24009867912,165689.67401003971
157002.0,235710.6226716107,3574.7142957906826,229259.70884225852,242161.15095925273
166340.0,181518.2048990689,3255.468168606412,174965.8902736171,187606.8434372872
161837.0,197992.88040702135,3906.5542383317297,191041.9407333623,205417.05369549253
236958.0,245770.11046115324,4224.563659430034,237311.66542269176,253287.339323729
312075.0,344306.5576424482,4068.3238207800455,336680.8830737952,352564.9378068785
292391.0,288309.6274029446,4158.8769445888565,280530.08592525794,296430.06174127205
306765.0,306822.6872358523,3191.065077894351,299999.04455557436,312957.8783729907
233087.0,265934.7183249367,3867.904275517611,258967.73995731762,273725.1736093924
235697.0,279933.79379501543,4586.872107604191,270335.3256246609,289185.12013286806
252747.0,296379.4723874002,3391.6068214626275,289923.0847162099,302508.73248608096
272970.0,305904.7868190699,2872.1889619211124,300275.0524243024,311939.08829083195
256698.0,279522.34252357157,3533.0766138345493,273413.64836835634,285717.5327610458
287027.0,321289.1879006425,3820.882085440301,314170.7012116654,328793.82845300384
301708.0,314753.35405329434,3680.1171101601967,307734.1396189014,321542.94675666204
287899.0,301998.7571282259,4160.911119552664,294869.79287511617,310609.6937676454
273036.0,314682.1667408043,3963.8669531755613,306500.906960571,321323.9950422778
275592.0,284802.0678307006,3852.169629930451,277884.08347798436,292671.94957568747
301544.0,304322.63630205404,8306.754127740161,289271.7109487765,320652.4344632746
269776.0,293647.81831443444,4806.0484842352,284748.89110031206,301773.09117458283
242375.0,271792.91265971115,3293.9966769734806,266094.49795709824,277870.1120110109
233423.0,269337.30923171405,3049.379363336028,264412.9882959575,275520.2281969083
224264.0,269697.3143389389,2769.4152029804723,265003.6484130439,275365.7033009118
190281.0,194681.79784495477,4469.544751045027,186779.42197926462,203688.96305295377
193118.0,213568.42804024863,3139.205495749686,207477.34995590284,219523.60632038405
165178.0,186511.05343462873,3295.7303311732912,180572.74710260626,193465.41543709545
163097.0,185154.83518435596,3082.577456041731,179801.3499068243,191233.43883898333
169688.0,176777.09462319326,2886.107039423215,170668.27499551154,182360.010168157
174622.0,239139.12686997958,3689.519121693146,231296.29775070393,244971.40231726182
155839.0,170892.3997306315,3892.033464236582,163733.89544053373,177580.1566489054
148791.0,180020.24957652093,2938.3158174248433,174366.3312416956,185249.79278429088
144892.0,166704.43180862852,2385.8606601318834,162438.05518141476,171701.9321991801
157573.0,164735.2104356002,3210.005865460213,159180.11897887275,171304.77723696546
165174.0,175992.6687592071,3563.9610638436884,168920.5045903743,182857.82762098906
135762.0,164542.19123654245,2750.2537617196904,159855.79060580157,170078.3425332246
154535.0,157819.36381295652,3244.1347421435844,151535.39739571174,164163.19416619008
154928.0,169171.70335447206,2596.8637068241073,164430.82835941605,174175.53291342084
143722.0,162816.58302728762,3314.62849319386,155992.72940212922,169087.7567106504
136526.0,171212.85593324737,2575.161595941384,166296.22731304725,176261.0489727457
135294.0,162375.46325803758,2670.9441531699163,157521.73273815005,167623.58948153956
148750.0,150056.8573655836,2987.3996712249836,144423.69440347966,156273.809008522
156228.0,150472.31094482733,2615.2155524259856,145890.6337880829,155256.59949395194
142774.0,159880.93435855993,2251.6274591060996,155643.2945653193,163857.0843118362
142187.0,155855.91033432694,2478.804962538542,151589.52219399135,160826.5194573838
156291.0,168710.65983238188,2563.1011078018987,163506.53518520403,173547.09187022227
156826.0,167515.62952499324,2757.2356010795293,161882.2668972629,172806.95557661488
151805.0,155376.26630606578,2708.0431148360167,150316.96749538445,161084.35817413352
147870.0,148188.04527640334,3289.3355552434978,142386.81208414957,154115.72196675988
143440.0,161080.33930020191,2329.559380628748,156458.68867277956,165023.8784514916
132826.0,169076.07583550067,2425.7508335502575,164636.20254069954,173999.02517256088
144888.0,162746.83941362315,2419.5805536330336,157887.24299958925,167188.45326171583
135338.0,162276.9577986455,2913.257692505471,157064.15055149488,168166.83936401797
136560.0,167527.37722948616,2534.7921544797573,162162.43907021752,172372.2714777252
144969.0,155257.6226316178,4119.204046375291,147480.49331638665,162951.39409417327
153785.0,160887.78239304674,3144.5681608144473,155153.59432928017,166805.51255035814
144105.0,166756.4420888255,2919.4046166042754,161577.5738689092,172319.2146579939
147456.0,161723.5763375735,3779.292708860606,154461.16324900326,169369.77329349148
138535.0,169103.4871151666,2744.481782768953,163822.7568806395,174452.5751434941
147634.0,173139.1685478926,3193.69956346716,167047.3951359414,179616.35193533864
135602.0,170186.7498392909,3074.2869137116195,164476.897429624,175546.74983716125
146571.0,172639.08961837756,3274.751816104414,166456.99587703517,179291.48985949057
147307.0,172952.25485403236,3563.192366239718,166612.53108894182,179117.95693210926
143796.0,178332.04249151525,3268.0544667736845,171491.20609332045,184877.7921949704
150008.0,173156.0468363448,3557.699575640658,166086.18421380504,180532.79716306177
140121.0,169512.19493189442,3349.22747841394,162428.1776606902,176005.88942556488
149325.0,175190.6292748101,3399.337918857592,169134.55819964362,181491.63197114758
128161.0,175963.68907757514,3343.4330932649614,169436.3348253542,182427.76766648047
156422.0,171657.83416494037,4041.5907527144436,164222.61418991853,179293.36493116608
178710.0,215904.88458259698,10250.533035862016,195674.79308494044,236588.95842008994
146349.0,200222.12253634582,3687.6126288675528,193081.75393442667,207129.63457463888
201561.0,251650.53892216508,2999.94214004214,245771.8968596282,257425.69201985787
239002.0,249041.87456579652,3010.7947045815877,243265.89697902126,255001.05578817314
192383.0,240605.1978309305,5884.76978507245,229700.07725619434,251411.9432082207
198292.0,254596.86731389954,3440.3180262000174,248664.75549406695,261518.2179570164
181913.0,197032.84090634898,6875.041745576722,185270.9772882481,212521.3194315837
246301.0,241227.20314704668,4643.282159132891,231977.4933129601,251075.61100540086
280993.0,254320.5570001756,4237.692041940067,245649.38092355995,261661.81258380998
282207.0,256050.65311945867,4142.664431474614,248887.33001793842,263913.829265101
306525.0,278910.27715947235,3623.4843644864873,271536.68310774805,285643.1989949474
267661.0,255641.67184318483,4393.138998684631,248170.2058774124,263494.3449065412
234824.0,249447.72373932903,3278.946227952629,242674.32375241688,255316.06744054603
341442.0,358303.0316706148,5268.457599077339,346954.1716816122,368763.8903666561
251025.0,244837.63479880066,3492.973663557954,238211.275728617,251333.90932210768
227505.0,258777.01929487856,5061.14348283855,247236.0168848872,268811.60301990825
264247.0,321924.49702022295,3814.0662618908214,315179.75097061315,328957.70908454177
342894.0,306117.7749707489,5630.292758979137,295383.1482969253,317523.9821724546
305198.0,317688.56127087073,4771.402952455996,309177.7904261103,327340.1878052809
374989.0,347999.19974474685,5896.439483348178,337114.0565370631,358256.9880644227
351384.0,344766.9871690249,5357.791429197574,334983.6160945832,355089.5397481244
324243.0,319722.11353078205,3823.411939569201,312046.82832178415,327133.08723518805
281624.0,269615.0773391433,4460.851811849626,260713.98522209382,277985.490011635
266320.0,299244.95700678776,5482.733633056902,288954.33516281226,309832.22172074195
290397.0,296686.7023706289,3834.732027863708,288924.1120048209,304225.17601237254
285308.0,269677.98933834827,7089.286654444639,256336.32206031575,284545.9049736317
245094.0,234821.45701084388,3084.5058544501067,228817.87170826076,240199.4767881627
244092.0,268969.8370797933,2815.6756828634775,263966.8585722374,274028.4194495771
259316.0,263024.4538652916,2989.021304803706,256960.38124347158,268801.82043575775
266321.0,248550.62124021657,4320.143383556524,240169.81164322182,256337.67686956376
243743.0,212552.15824896412,5777.772803496103,201546.220063412,223616.48438901335
194791.0,241815.8949104325,3201.474792666862,235345.6582220155,248064.17749692887
180704.0,206992.3173286665,2912.5671119009758,201456.5427705308,212764.0625114963
182993.0,166594.03982373292,2256.667395648883,162677.86181064622,170961.57401072516
184151.0,183371.7839239097,3468.1004482008934,176133.3679412967,189671.55333539558
155462.0,178942.64070907372,2824.4786967502505,173352.41932143507,184441.87563850626
154360.0,185892.88053472954,3742.468387222301,178399.32458130436,193260.6738934794
148786.0,157858.38856790232,2801.165684161472,152984.89407662814,163229.97991577577
148922.0,160793.54007990347,4135.19870243423,151809.88272714385,168810.05905302236
146706.0,157900.93099832744,3588.0512227672557,151400.17841092055,165926.12970820873
144103.0,150428.1388107295,2365.7806010158665,146140.02989527996,155239.21007970374
140110.0,152129.50678284158,3392.2015716294977,145522.48475603075,159442.9371628913
142151.0,188771.65832468533,4188.955492650372,180648.40178848992,196886.15850421926
131120.0,166751.25673915757,3055.697477406601,161266.07562333773,172949.78222140906
142724.0,162214.64866657494,2673.850943903681,156542.20094373883,168209.2443468193
146471.0,162403.37202294284,3006.521225571024,156666.39544663462,167974.66109898398
151796.0,162417.03375797495,3035.6678670261254,156842.29276072417,168000.72853709877
126410.0,160977.20818071623,3109.302185454194,154633.87176379623,167179.13724314858
146760.0,161606.07506632654,2268.998591457148,157234.53443079843,165957.41980496424
143574.0,148213.2522177713,2403.6512384161747,143659.09590492156,153089.19422244406
146904.0,151996.73646426052,3428.182938852302,144781.75337486685,157819.58896042133
162875.0,169804.0997224179,2575.7397824689597,165192.61973664915,175255.62733477002
153133.0,174064.4816025515,2505.2960864516763,168850.61723198864,179338.12181715816
151789.0,164197.156686787,3173.493709028675,157978.79647727596,169941.92614806665
150630.0,159687.55768716885,2926.4865935146054,153689.96672296576,165256.11414808859
139785.0,147212.6922896344,3428.0627895745383,140793.54942165836,153845.45020828344
131227.0,149691.47827653264,2683.360042054358,144413.44076909273,154143.92370308083
142529.0,160274.468865243,2791.1510310930307,155160.81602626288,165695.34150239194
142322.0,157113.1238186603,2637.1849546408653,151931.84862714075,161477.59680190074
135761.0,165658.50441270342,2355.609567425152,160419.46598074582,169894.5658458702
158300.0,174152.14788114023,2693.199839684076,168982.24475600975,179508.04773683494
162280.0,169105.82829342835,3142.0265225032376,163599.2833004253,175803.83578225368
141064.0,162884.79600513444,3644.9436884589045,155126.01033036,169736.68511411778
165848.0,165049.36891637454,2860.691371153609,159885.7459794856,170718.06889952856
147864.0,167808.00887972134,3426.5000725014265,161911.51664380648,174516.22498567635
140386.0,174546.48740676162,3256.8095193888644,168029.22435418292,180719.48155202772
174407.0,178869.62567027667,4673.013319044719,170233.96827563748,188820.16873361834
173614.0,183324.41337543086,3345.41201152236,176791.3550741709,189551.1826426904
175143.0,166588.81435640113,3452.470645142194,160208.23585435844,173705.08935908412
151717.0,190566.61972381978,2878.9766982525257,184467.21693938243,196188.06009267183
211543.0,192447.82435339305,4218.5711257981975,183922.03491296346,200576.83495165265
224109.0,230903.82386079495,3309.8800868337426,224501.0141519833,237555.551954491
215135.0,208442.65336113347,5595.526904304511,197744.16686245048,218674.15522814784
236469.0,199008.0189246064,3737.336668018608,192218.03852775003,205845.5389771334
211189.0,202073.44727321737,3713.123868000109,195090.4557690682,209067.42163539803
240253.0,201484.40819208164,4392.225988064175,193232.03476415624,209038.3636564824
226873.0,198761.1543522713,5237.320469825762,188818.93339873265,209152.85202677213
244060.0,212479.81316905667,3143.6606437612218,206285.0180680558,218289.9238480845
327968.0,302620.9801824252,5030.311438641458,292727.99303213484,311989.7481984133
332955.0,325734.82791104744,3183.5000952345977,319779.101913013,332159.1836971969
259557.0,265473.56247691304,3548.628502617979,259128.01555462627,272222.9015885191
308526.0,263469.39582928264,4028.0181498244638,256062.86807168252,271723.5351692977
288667.0,267807.441419935,4025.179814373056,260117.73056989067,275589.67784321576
225723.0,250994.02355823677,4259.133832811377,243061.57549340627,260039.57434764676
257804.0,276606.6118358808,4229.034599332374,268703.61233391543,284155.84055953793
287748.0,270892.38948215166,3831.81557455634,264233.0021043065,277878.47793879686
253935.0,223890.65935029564,10359.532141390586,205413.2324893797,244279.6818403672
233118.0,263468.3718692348,4120.380457891285,255991.13399450656,272092.96399817284
269350.0,287213.4599617007,4092.522854500753,279003.4382918915,295796.3094341503
220250.0,270397.856675202,3823.2050523917014,263005.0515260945,277208.964971112
349316.0,323828.0341222618,3270.1951788917995,317360.55977416225,330062.1468873673
317843.0,271053.74925164407,3914.482180249295,263107.41702588013,278819.599876772
280358.0,245061.5218762438,3218.913098897878,239112.56289521614,250512.70515016606
238663.0,207913.85267070596,3323.5363033158965,201837.40997657587,214052.1070570907
308293.0,282812.7890714143,4544.79053693613,274607.7381064802,291840.3373054606
282160.0,249604.42763052313,3743.7778759610637,242761.77167657934,257086.82907882432
305057.0,314428.7295450348,3512.489051352693,306988.7249242207,320792.5771474553
229448.0,272717.0338399116,3600.281898438811,264786.56077100075,279902.81716426206
313141.0,294415.8269772811,3350.9080351350267,287897.01860213815,300661.9755579506
263588.0,239901.13566270564,5244.767380916705,229721.3583146371,249626.63382143897
265415.0,227653.1419662215,3417.6081502432517,221765.2926179503,233758.67934450135
277776.0,258732.66156130843,3488.820879084145,251846.69246624972,265052.5312031279
249923.0,269953.745601108,8685.273154844552,252619.46974487268,286614.90188170277
247135.0,265881.9384191651,4453.074027818809,257457.9914275001,274611.02089669695
291782.0,269210.57373133535,4093.3679397525057,260158.13097400469,275910.3873775262
303111.0,262674.906703825,3963.3522812800743,254270.6205209774,269466.2300207433
272341.0,243106.89874656196,4786.317400688373,235334.20184666413,252863.09979240908
267822.0,252323.56935971274,6299.883624271791,241357.37158791933,263671.0243353752
323889.0,311299.12366001075,4971.632961360404,301146.1137802137,320459.70225014427
230666.0,254189.63200097188,3338.058035887266,247999.84119480875,260334.6089331237
218393.0,257750.55381496742,3423.086410273359,251473.7691873636,263557.62696386577
204787.0,227275.11805183723,3080.763269856333,221222.46074515552,233238.72860144413
252653.0,199803.8683947757,3547.4553834102835,193027.4529651774,206777.0245116398
245289.0,188820.0766205862,3739.1186434351193,181104.96244463974,195333.03196623022
170343.0,168802.27945617968,3245.0682616521062,162909.31127306318,174690.93291611603
234915.0,191052.7639035237,3412.0820780150193,183911.31043651345,197832.2412098547
214982.0,176072.24163108136,2908.2243111432886,170807.48962987523,181136.89337116963
167188.0,209222.80709342603,8758.934384654634,194187.48041939642,227313.91286807018
228868.0,206245.16464412544,3741.1398846043244,198119.75994236718,213758.83590280704
179712.0,223796.10381136727,3744.0430933049047,215528.3336832251,230114.310722139
213676.0,174289.2645711005,2976.7799238518583,168624.29711214278,179770.126339671
205208.0,168087.7650858668,3414.4976004768996,162509.10810971804,174948.52034691768
203188.0,168763.25277813134,2740.995849904821,163531.24921061352,174206.11619471275
191627.0,171821.90718142633,3820.091634571262,163900.79843093257,178418.01117104088
179449.0,187992.71712827624,4668.150360616636,179018.20326193803,196711.60308597004
139481.0,143530.45974553592,3313.933900545693,136878.62642439952,150107.70525995365
136621.0,149693.360798348,3140.476970144179,143481.27555994625,155594.42465568442
171984.0,155815.84204354708,3348.072365829942,149382.950253459,162570.0501927977
191418.0,157750.78682295504,2579.225909356078,152297.05809754092,163001.27934012908
174279.0,174886.36227997232,3597.9625091567254,168818.34093781648,182097.25722771324
154229.0,151948.16563285032,2944.0479037456275,146536.47551246054,157468.73663985552
196732.0,162929.32207064293,3228.933735956444,156562.83137028525,168943.82108267516
202402.0,173158.10216441227,2375.70192695723,168122.5774080732,177296.4337805929
211030.0,170785.43890631574,2401.002510714236,166266.13649066832,175839.01620153085
155070.0,152106.47230247915,2545.0969613293137,147361.22712623034,157331.04318391494
151968.0,175172.93375136267,2193.2366574600437,171313.95514699962,179325.4955017404
165864.0,157000.1326757963,4235.689733912654,149109.3645919817,165235.84346473395
167233.0,160780.66064003608,2879.7800279509725,155149.3654290507,165797.77544280744
150155.0,166702.2816393167,4028.656587000718,159932.61921977162,173882.5553883759
207469.0,176039.34532113705,2586.4576562621337,171416.39645009045,181150.70921329435
182660.0,164906.4757627112,3049.800686748371,159138.6832388635,170291.21491633172
209278.0,163119.8943361253,3523.809769501208,156309.22865121817,170126.43896490562
151163.0,170671.0949780688,2865.281270367315,165478.23850780993,176534.14949823447
221231.0,158786.9521648308,3519.066832925389,151934.97357839657,165696.00602748716
218960.0,170272.66378077364,3199.4579017508922,163710.79941226993,176262.86535177947
194766.0,173165.759952377,3960.7170921347506,165825.08613320868,180075.8088319884
262652.0,236969.12551142913,3430.932195895349,230525.51584991382,243879.52820552577
255444.0,218209.7509632121,4205.714246171082,210982.7624218679,227129.0324364016
239086.0,202283.96595307576,3602.4277562369143,195526.74627101148,209259.87487680654
335336.0,320263.6749066694,4219.5461236315505,313254.5820128939,327554.35974121693
324637.0,256043.6587024873,3507.1030562894575,249726.46574060287,262487.8904896756
321462.0,262180.45589916,4983.896630486386,252448.01810702583,270855.8619418828
314890.0,254037.38366266649,3885.744547017065,246354.34129177275,260261.84032669585
318501.0,271851.83999277174,3851.357386827535,265094.27123101824,279489.3140595084
336772.0,286733.3619483988,3364.7705965122327,279403.14387346304,292593.4733213068
320869.0,269117.95486982807,5959.5121641890955,258261.14521348168,281630.345121188
314472.0,291001.8151272437,3001.3258945482635,285476.7043020124,295872.7857202997
331402.0,282707.9050047096,3612.3089624014783,275672.1860908724,289660.74570295564
312871.0,262638.8330031121,3569.0709203702054,255788.59473583932,268546.0300924757
363169.0,345650.2472663951,4443.7224088497205,337612.83043038775,354078.64180622605
409286.0,360954.469675618,5874.179894798708,350360.30113311036,373585.4840902591
400202.0,349910.80117810896,4320.01720171798,341479.8701146744,358603.36476235127
294721.0,296199.11054004775,5006.537612355615,285263.6005044081,304408.54163047177
363901.0,331304.81907323934,3123.6009798602836,324717.73629470274,337600.7678986835
376479.0,333449.40442673856,4472.368071131895,324037.79313481704,342225.08374015003
264595.0,241663.73121818705,3375.104201917265,234974.81852800996,247337.6698496643
239332.0,255251.10561436712,4169.409726348594,247752.4104500787,263396.7139122972
248636.0,292124.58096322924,4895.317340699518,281787.5174174705,301154.115977479
321687.0,290374.96105827315,4394.1503146775085,281197.06755216536,299320.1315780825
286988.0,215068.35273529022,8677.30500966635,200509.23744758798,236611.90881383125
300540.0,246995.41210637856,4015.596350824551,239098.84630727174,254569.67660827498
297360.0,267061.4574889794,2995.7059849422476,261505.17581587902,273066.5737987773
302093.0,253443.05544489817,3995.616408219303,246587.45457541873,261277.93211837896
305030.0,258138.19707266716,3001.803030043477,253066.93590742117,264398.059758052
232784.0,210887.95069630723,4242.787593730059,203439.68478288807,218445.51047462353
295610.0,240687.28224861328,3395.867795844023,234540.90979469303,247624.85590023285
279733.0,201350.30869347864,3242.334881073312,195508.96617655508,208098.519054683
236000.0,189825.25795129628,3182.458878112343,184383.98490939115,196158.33611564792
270750.0,204722.7816477824,3451.9486762603024,197447.3773880799,211150.05517205657
262986.0,204442.80629983955,3790.4613320751228,197133.32062603804,212018.6505072012
271783.0,212026.67166403498,7490.555965879915,198630.10053750777,225670.58545868393
251623.0,190038.64354046914,2987.1765001267668,183926.96828392523,195375.32871846508
230005.0,199619.61178114143,4222.606850916322,192074.00123625167,208259.13663531138
253645.0,237741.16058577027,3000.748328584108,231589.38947219937,243444.4534222054
186710.0,218204.76860930593,3112.0376105142323,212360.18512931681,224449.8552284308
175938.0,215512.6264087003,3144.1962679343924,209014.25103478198,220989.64437429694
173908.0,181336.34937306892,3237.9655710070488,174736.72464799506,187525.82264135662
194810.0,173245.111976912,2570.0034920745547,168653.23429207067,178690.96114635226
146751.0,154690.85770491327,2394.7933875030562,150265.23791471138,159514.96340756823
148183.0,152310.08120178827,2134.5755345921466,148410.23292289375,156645.48931824582
151606.0,151567.19613423583,2227.160154486701,147366.23524081218,156611.83280401208
166283.0,171308.2322252278,2607.9640880928964,165957.83271978935,176420.56275423546
189255.0,171810.083078905,2467.7860290876106,166684.46985055658,176455.53841122624
189216.0,171541.4968437096,2589.602719636099,166622.3693043211,176350.36256590398
157539.0,174464.19048435436,2789.313217106671,169339.61025789063,179780.9884713019
149038.0,175837.23850929618,2596.4127208204786,171235.82074593325,180848.56513310678
171721.0,178422.19562057895,3963.022535416876,171089.20598593104,186160.67311591195
177341.0,164410.88974751715,2705.3593572981854,159765.70809117545,170872.39657236426
185213.0,151336.5576876036,2963.2923669344777,145994.43857419895,156581.12817452333
185418.0,177490.72817861338,2912.7268051764804,172448.2140258938,183046.87518363266
172410.0,174575.5066347883,2892.1481962955327,169396.49346387872,180765.5524952789
204920.0,162576.53706710355,2989.361877227337,156667.2947414212,168176.3270300986
155897.0,170294.07032305445,2209.30910104531,166099.9907359839,174677.9286198089
193242.0,176932.24442020548,2720.4574293266455,171441.18756888426,182233.84436814665
149884.0,192489.77591243386,6942.02651466451,180336.42526955664,205850.9110066651
164063.0,172806.60057570995,3092.9981586301574,166563.85159688414,178987.5804285459
167513.0,174192.9721981967,2332.6433377444673,169983.00249290295,179144.324451609
178188.0,166815.9510435205,3761.456360736852,159899.1633113824,174239.59242384988
166942.0,150193.83777583588,3807.5157162365135,142389.73732315304,156723.82811967033
131138.0,159471.96670435986,2263.5026088794866,154931.14369334595,163966.5572921724
137136.0,159980.6164983029,2141.7783963393026,155355.4031419022,163795.46333957688
158812.0,166258.5012217472,2149.0332896182636,161791.513520461,170358.61329832248
175209.0,159777.44270050564,2254.5392644086037,155341.48914732883,163532.20576530384
173897.0,171331.8606320253,2262.706572393959,166519.22045890536,175475.10665266754
179539.0,166040.78739224395,3360.8051181816727,159191.12570568352,172590.5049888826
147002.0,178432.95106131007,2968.765403120846,172782.992753986,184167.2809440574
153139.0,154975.8086532221,3447.3402773003936,148519.80237621986,161739.16562165486
139396.0,167573.61705180694,4338.663042249063,159601.73038089002,176685.2420619216
199241.0,160779.5064912653,2231.9584413332545,156260.0752536824,164618.0756104327
156284.0,173840.85221762036,4262.243772797318,166685.61173003798,181769.43156471013
217356.0,191749.44907715672,4473.8309031407125,183236.30192907754,199626.59057887565
181549.0,176140.17749207024,3821.580842564526,169125.18478704288,183102.90460158265
197914.0,173171.61184503871,3472.7197360921646,166654.80937657552,179748.84755081654
227991.0,181145.31942797758,3380.6292597566717,173826.57187267527,187566.57506011872
237798.0,202131.37272947587,3262.8567288151153,196272.88850901317,208691.57644105703
240620.0,193380.59253150597,3603.8811818760973,186042.19860685154,199683.8399540604
238765.0,199514.7282070782,3306.0336040113266,193048.02562716132,205369.6223209132
207957.0,186224.40565659956,7808.800489473952,172341.71026164835,201026.05640103307
315357.0,288234.01022883033,3362.227994894388,281916.58338496025,294572.5552985225
319858.0,282718.4282163349,2826.046845576648,277545.8974348424,288059.50676362886
314294.0,290900.8658004027,2922.723155979061,284958.33502613916,296204.54693611385
310782.0,276037.25958984095,3460.3328677027266,269584.1480948434,283228.09532247245
280209.0,250369.04391499565,2936.935485544732,244772.16179168122,255047.90635124155
354537.0,332773.6790678949,3779.739991687006,325767.1028401368,339382.54007382324
362252.0,347355.5903877717,6014.540449955091,336029.42814811616,358449.99120198964
375331.0,330513.4393421102,3167.3423332468114,324602.86165053956,336165.1534102783
361374.0,298110.54241208604,4560.343312995084,288989.2129949127,307091.8579270499
329851.0,323556.69477959955,4306.1027927384985,315261.8976276378,331498.79918684124
317730.0,328833.1837357518,4259.760962261982,321340.42823567166,337211.1732404336
310816.0,281000.71075269143,3188.1576988099,274567.9390240227,286805.94433943264
253871.0,301417.20780941023,4311.431492451922,293760.2270726171,309785.0810417072
312331.0,301913.6804085569,5301.390977101629,292745.22461095016,311255.9911536332
276008.0,340345.568778281,4925.976218179646,331172.6000046,350030.30916808435
256226.0,270666.8796561236,3692.029455422544,262981.6216884913,277646.46310636436
247582.0,247633.5751429179,4642.481085166331,238321.53177396714,256095.45632904902
288634.0,288372.11582103407,3053.7931609277643,283352.85556588596,294029.981240555
228502.0,279106.8566464346,3140.0669711671185,273202.59206350165,284939.66612170753
249532.0,272273.596120805,3357.517457036782,266524.8894609662,279198.60344286077
361455.0,321502.9959995982,3795.796496360227,314825.36769041506,328784.9509839976
271966.0,306279.94960148836,4095.8045100163554,298118.4743283579,314426.69633296906
427424.0,370363.8502936813,12009.353574590594,348182.342038695,396449.6079393873
307535.0,257533.54677990248,3517.000273279719,250584.3755458041,264051.0093069122
306450.0,275674.97909368936,2754.439469969052,270862.54429154453,280914.82777093374
203519.0,207043.26158551863,6610.083627364473,195011.6965734522,219629.77989188
245706.0,245269.66167073036,6907.142371476689,232264.2654219445,258039.8293301344
300840.0,264251.5617172877,3204.804495085831,258218.8493809749,270058.736800612
346705.0,281695.56984191044,3859.5593078162515,273152.0834432424,289048.1503551178
194607.0,203703.36233083767,4211.963474498846,196242.0310190447,212626.3801027111
173648.0,177887.05482540917,8263.148795545105,163499.9880693267,194725.4770696866
175512.0,177680.19474062193,3397.4468155699415,170902.2153614488,183732.72502118556
181038.0,179493.33857884046,2976.163544184695,173347.8369387218,184625.41545218838
133474.0,163524.63102469055,2829.2041039221817,158494.78240189678,169083.5436526208
167556.0,220358.3214858943,3979.513366951726,212508.6978547649,228708.8784692314
143420.0,157460.46582816765,2365.178647871921,152926.47664230817,161636.3818708221
137492.0,150134.50563358082,2735.216828848044,145200.28478670627,156132.32545143686
151114.0,137735.19316887253,3129.738004784708,131289.92382811912,144436.9981211781
166120.0,149969.2852179177,3327.7170719742867,144215.03577127945,156248.5114839924
129848.0,145743.35727611056,3331.3068006308013,139841.89305231895,152281.0992625581
148701.0,154900.95818803148,3069.4738303918666,149038.20705763903,161408.44345547963
147911.0,165549.88534352306,3733.409724126654,157222.90370458338,172506.26643866173
145575.0,160211.80421194865,2478.3494914544763,154619.55592184584,164508.96585829978
181413.0,182187.9515905335,3781.2913861055,175848.3433339913,191036.2250308405
144076.0,181820.0859465546,3451.145711701857,174653.32965234318,188015.7723835357
149031.0,162439.83529583982,2338.9515044908326,158009.6789193012,166672.82422088823
133235.0,151732.36246328437,4006.2080908315934,144736.63400661416,160268.0347200259
142170.0,168236.47588149155,2195.900352669409,164199.86771499077,172586.9209668464
167765.0,171133.1174736455,2801.9811750905847,165690.85945425325,176470.58101876394
140240.0,156933.3473093878,4354.933869815326,149656.03275996965,165233.6093655135
160765.0,160128.9163396571,2386.4814615367195,154979.24166897984,164658.0101019912
163941.0,161017.34432112536,3012.0498435748877,155622.40990064348,166994.92403626366
132691.0,160222.81882201252,2868.166360009784,154552.67444013918,165759.2286159909
185410.0,155893.26348118734,3749.2054309059663,148499.43490028326,162890.22307795603
131918.0,163836.45793080912,2542.5082847147396,158444.5283137195,168139.0560565024
174833.0,166423.3506819724,3035.8609475783405,160212.5044494579,171363.89048000725
185456.0,166359.51853132524,2805.3437813650767,160230.6013051431,171688.33944449382
183906.0,170547.39430673083,3277.3663122884172,164480.78543283688,176838.92893465696
184929.0,178852.89660549434,3243.0680015362423,172367.3578099236,184858.85602984764
194289.0,177520.34198717336,4115.7843046959415,169391.13015088957,186853.42517681344
250513.0,221543.3487822904,5479.836590125543,210445.7059564021,232041.83776102215
183596.0,203490.2295846321,3685.532507851322,196525.88888722105,210688.9459897333
232642.0,203014.72706738478,4187.729917710249,194693.95771978065,210109.8022996956
243041.0,204168.6915253316,3893.2393702565896,197298.55918341095,211746.80431300148
219121.0,272389.99138378183,4019.599059038589,264388.79545341124,280321.2393939934
331067.0,284963.0585733341,4203.252338826133,276808.98357202555,292437.45851477556
302416.0,285373.23265917844,3296.662207017707,279058.62002403516,291508.9691093892
295604.0,268968.89689884055,5097.622843507055,258946.23360201542,279133.45680229965
217679.0,233344.02636348514,3375.5955760594793,227626.3701024068,240327.792197947
244095.0,292716.3888826362,3051.5786275593077,287031.0523247498,298830.5979441005
363938.0,322357.00787873194,3196.715541056566,316331.4808654552,328428.14170007844
355569.0,317415.952616211,5036.828859970461,307344.1927275061,326095.99972269626
359262.0,320163.073539537,4609.92375247927,311724.1530035433,330232.6566935717
385900.0,348283.3890770221,3964.546499088494,340762.662785357,356287.71357186756
346031.0,309944.299932429,2964.8260522721116,303636.4648275292,315166.12177934457
328464.0,292032.2310793081,4095.2085640439436,284243.8605197388,299905.0387523499
385991.0,336082.035021078,4587.301847332468,327442.76155974594,345106.8641085937
269251.0,294297.8804850576,3840.6226820084134,287249.05832079775,302324.696090552
309559.0,313323.60407744424,5285.158970786316,302957.3583250383,323401.9565295743
333114.0,274460.89454564283,3532.3644256793336,268076.7799992505,280692.15404674306
243426.0,259760.67631474973,3415.490163568047,253315.0993254968,265712.12886420183
299554.0,277652.6955025511,3349.795802754413,270535.3432638622,284229.4344998273
220226.0,230812.80718662892,3883.90452895738,223434.01240146122,238062.7618656145
228097.0,242262.80687353085,4346.611372848449,233664.74636462366,250354.04783293838
220447.0,194072.01062160154,4797.970876838919,184786.2004780643,203394.27500325115
202738.0,191162.864947349,3033.3375343805496,185262.40973869563,196930.7616473738
284824.0,248554.8114326121,4966.2063449412,239461.9649263184,258201.46194362701
284158.0,240626.6999041855,2981.938665101174,234973.5812983384,246260.8658468872
283649.0,238754.19439826303,3075.917863515145,232574.24458217292,244865.35024541992
203731.0,229332.40447080712,3132.782400960328,223356.81041623792,235375.30511451213
167770.0,178440.45508223533,3368.0911977294063,172568.2277387682,185333.76622070814
160246.0,181607.84362918715,4638.956246295291,171212.44221015583,189831.17309597225
186075.0,183180.0348904567,5443.495343652593,173276.3251866851,194567.09540773384
162333.0,180572.22455150398,2579.447137054837,175940.13697884366,185821.84824891764
237041.0,194858.95420535278,3143.2874642025827,188836.48430726185,201108.9600101168
205348.0,166414.6478098257,2750.128378705912,161453.1758058839,171679.75447968612
214604.0,187893.60106126952,2876.1613578173483,182300.69220228802,193684.95236662688
216785.0,205616.0812724343,4472.810423184882,197304.65164335212,214104.13874969396
211555.0,164028.79025220362,3003.159546692471,157098.07442523743,169029.3921203079
145645.0,157714.21437842076,3080.74648060429,151977.75817819472,163392.33036515248
138692.0,155083.5173579963,2283.8386634050526,151355.13805620442,159694.61985572623
192946.0,169471.80769117273,3611.0480966788805,162717.9039654294,175726.49405804198
203402.0,156240.56187023345,2966.228856426849,151274.8506210029,162373.27077143366
155371.0,155950.86276678473,2206.923797332791,152101.21894440815,160584.90581303433
185016.0,192465.30986295466,8765.153312332945,175355.31670703422,208023.60577952507
145626.0,161181.76400026132,2786.3310877031677,155735.00929094304,166779.1652353897
193008.0,153377.90629287736,3056.5480466637996,147679.0148924353,159505.67480364046
220954.0,166479.02380137736,2033.9360379517916,162218.5186163439,170275.9344942689
191723.0,169074.59268943465,2157.3203273346044,165202.84155569904,173195.82559192486
227308.0,178994.69839858956,2689.0691469693415,174022.5763633144,184173.86187270825
141116.0,173058.22612164487,2643.029366327659,168090.29030884226,178046.9968255201
190145.0,169817.58605528274,3013.3748180948073,163770.22028776826,175314.06902078772
176269.0,160672.51031963047,3214.5852219291623,154501.44648177017,166615.47451203
174166.0,170346.184248574,2832.8445565019083,164970.06028487234,176085.62100204063
197116.0,165481.5098986274,2657.613055669321,160677.82537202674,170547.28511101246
200844.0,168276.3980096515,2653.708256551836,162678.06588469355,173073.89293735914
200622.0,169170.96018218293,3166.395884318332,163086.18326244084,174907.26296044525
198518.0,167722.4983790971,3075.975304207213,161787.40408692264,173364.68824492538
181405.0,167022.3797780094,4369.64036217672,158437.24514600157,174840.2803331399
154572.0,157884.94033950672,5454.989459073356,146947.0138649304,168043.17479980912
201786.0,199982.96199751203,3342.9004921353294,194117.01426030736,206272.71919365315
205636.0,165924.2469936268,3752.3903753700124,158644.24699135963,172025.7766087919
158428.0,193123.93110488701,3428.652169942276,185677.61012019406,199482.20425368636
209207.0,187424.609221538,4300.015218271202,178785.0423191287,194677.38943448517
212023.0,184985.06773996417,3134.2548759677206,178505.78096875263,190792.91825127293
303670.0,278852.392749125,2951.6489228250325,273444.301572287,284463.52907308243
275330.0,286425.4822638053,3798.883667234371,279544.08854821156,293853.8968325794
326495.0,312882.96649993985,3280.384988634596,306309.33878795453,319594.1753764727
258644.0,259205.97281657864,4145.751196894218,251012.587937836,266706.0842329676
304679.0,243349.18008572896,4030.4651746140034,235237.03726092298,250883.36964740884
257664.0,218963.14314667438,3994.1655251248776,211581.28086461627,227245.68897913638
277724.0,254278.28769892186,4123.200313410379,246206.08578459904,263686.09755025286
238161.0,287257.6913836653,3166.2592641643805,281152.7836828058,292821.0137735845
318108.0,276721.4802637382,4752.960603650431,267583.4240949292,286032.0397167217
232896.0,246958.3781136143,3167.144740890455,240454.3277732707,252808.5866667705
224188.0,265588.8555592572,11177.175651946192,242380.9421546841,286009.9179862927
218830.0,259641.1408077776,6021.2748390464985,247072.32859576124,270500.5950017822
275930.0,290187.05187361845,5593.472914424353,279550.96910848096,301425.482837974
317576.0,304901.5694022005,6145.957611731675,294212.1448018176,317697.6331629236
310558.0,280032.0402070459,3781.9801884367926,272706.8235365414,286863.5296857329
310010.0,270034.9507017524,3702.264520152841,262907.19702073635,276882.5002137551
287951.0,302031.5036308476,4051.5579577306844,294473.21231869876,309593.1240555403
317203.0,312614.75739919086,3693.418526596086,305057.6071048504,320000.3258095186
278646.0,286387.80417706346,3777.3596778546785,279074.418198147,293273.06788708904
326699.0,278730.54623671056,5984.478141487426,267036.7305780205,289579.2704636333
308405.0,268368.9396635622,3067.576408438052,262933.05637629394,274389.2256332045
263561.0,247743.4490129977,3304.812311749314,241918.42208562492,254974.49301805074
317363.0,278959.5402808299,5922.848892411303,267899.2856747972,290197.15182952146
331079.0,305316.1874288613,4134.449496289955,296796.2532055696,312711.0892707511
227787.0,246078.33851459392,3720.7209730203276,238892.1522984754,253093.37875637354
310865.0,257482.8095723218,7185.816305876239,243315.0274608241,271650.67622433556
253796.0,235916.73781399126,3496.9686192589056,229129.43727677737,242797.9544014
183749.0,229535.06855339452,3251.7623044255365,223527.09816135137,235902.433630594
235500.0,306495.3091510881,4319.835796797858,297638.95746029256,313940.78550849075
174676.0,203029.45945234117,3205.246343522504,196660.391998179,209289.18049464788
159633.0,175941.92658495266,2396.3531467831635,171207.6937729999,180380.24392663362
157925.0,177511.76464254316,2913.842037408234,172167.16758155965,183021.31483823113
144662.0,157063.62376226028,2455.403711362016,151919.62295620333,161487.96672551095
170290.0,153940.0506854196,3008.2475974832537,148080.4530805638,159090.65105788189
161229.0,154035.60895470344,4771.389540867304,145616.637573296,162580.586107402
140708.0,160381.12973479697,3865.2234001515453,152801.1857894917,169008.00176718325
189446.0,147917.4248829071,3085.47420820072,142400.56143808903,153426.41508263952
144177.0,152351.93756281014,2383.6393387211115,147550.92788429034,157471.621839953
159764.0,153461.1185568252,3208.504183721953,147173.7904820045,159304.3448051191
147068.0,161853.15929066163,3497.5410310421717,154425.4186252473,168212.07041166033
198079.0,140117.36131927837,7460.155057869439,125694.82086007652,153826.01275738294
181437.0,167547.97374236485,2997.3251202832475,161924.04906371923,172986.39560623482
185750.0,165266.97432645134,2877.849778824187,159191.3024980219,170486.3169688473
185167.0,161480.34936294824,2404.3169065650004,156515.09812190954,165891.3189900226
168578.0,158360.86652419422,2602.2655160671293,153738.20075804507,163216.6155039832
154339.0,172062.78929608088,3102.083020726683,165502.24113453482,178185.66753155598
184594.0,168422.7765229085,2720.533826615017,163138.48361371443,173820.22562261976
186154.0,159829.95338426906,2665.476840389587,155301.91680544638,165049.02945210657
181155.0,167118.7363913436,3054.0775880095994,161381.20206705414,173306.96236298626
202685.0,169855.8675781341,2118.02767727522,165833.22623923447,173818.81894519547
210137.0,181611.78807833348,2991.8292901024474,174984.8763507251,187750.32493245584
178412.0,160974.17141368738,2110.519935499852,156872.85115990476,164690.0435536439
197881.0,163150.20851876456,2580.6419038242934,158745.46049472247,168285.94072005752
193749.0,177258.01709215093,2643.5453565452376,172193.30154708802,182406.31679383112
196285.0,171578.00142254468,2460.678476764477,167545.4141902944,177207.57133583346
195385.0,175687.08664842363,2628.6260783353077,170522.98300039547,180117.05102330178
164451.0,176795.1518519083,2893.907829861322,171043.3119303556,181821.04248698198
193976.0,157937.55188798127,3607.162270180899,151222.52478705655,165233.57207199864
159413.0,163137.42531285703,4049.864278403304,156797.03406564283,171878.81792469384
166761.0,160625.28115253654,3083.286500784064,154836.95924796333,166502.83944484324
188887.0,158564.56065399043,3361.403998023833,152440.98603351408,165322.1058929146
194775.0,159659.53006636203,3743.4067385610597,152976.74291888622,167280.85736991177
191973.0,165249.03836816474,3913.7999141634773,157378.22980995962,173045.09260961352
163036.0,171804.59563850012,3038.7415711122903,165570.7688208046,177376.49677492725
170953.0,170749.63926718183,3095.4179240078006,164462.94919814318,176787.57131845897
175943.0,172742.57925866518,3057.07796586498,166676.6277507858,178300.85210218892
178324.0,197871.45894207223,5424.828430716413,188087.91848210388,209314.92477825598
194705.0,191856.67932481,3008.4392379494075,184959.71675160056,197320.46800972315
196911.0,184072.6991801163,3670.736294383867,175887.81417712738,190800.1745483533
151813.0,197624.9629426702,3695.63845118735,190513.3430111275,204413.91237632258
230327.0,226371.52335096692,3461.7455778886147,219151.4365363219,233069.54064418186
213516.0,225855.60657001458,2944.1641388918165,220847.21232258904,231531.66171473303
219147.0,207291.62607146884,3678.637671066079,200152.06306256968,214822.45008485217
170782.0,208877.936691618,3218.4964645679393,202449.6694674371,215352.9490549324
254976.0,205307.68134790676,3742.544358687105,198720.32824088173,213550.657593073
253659.0,204110.90364549452,3672.3513078524065,196660.42842385639,211193.52505611003
261822.0,217053.99042891164,3663.132684968884,210002.51799603706,223785.07962044794
181986.0,225647.39764956257,4030.7835528112682,218552.5451158401,233412.90862241108
249734.0,236645.55046928898,3564.9241691137804,229119.98616009988,242770.14944332818
280838.0,243199.78987867155,4224.096695040615,234885.0034933569,251925.190852768
336186.0,335479.94448693184,3249.1802752216245,328360.72790539684,342884.54263872904
345253.0,323133.6877489628,5309.592461895356,313304.514570653,333007.4308238968
321466.0,274518.39079729165,3571.26272674419,267588.68990569026,281900.8348511672
275300.0,256711.37241089,3811.610492206868,248992.26406353648,263542.558240249
263124.0,263309.62656983617,3782.4346756815116,256889.12453708795,269736.7321554854
223104.0,266233.8928274935,3974.4496514203715,259060.36211231968,273317.7950285044
318158.0,321226.49583691655,3421.3473155413158,314397.8815920103,328105.7173296317
331285.0,329444.8055121666,4882.73174018176,320498.16675839556,338039.0304452831
395689.0,361016.6080939338,6388.3420057181775,348999.8405634468,373313.3644517196
381023.0,340453.58819574723,5361.820866973002,329339.82197966916,349883.69115803525
343931.0,310750.6085847875,3856.623942933313,303503.0914600144,317982.57417864597
355794.0,329290.86365985574,2916.2748604230555,323632.62343289633,335073.2187319707
258547.0,290299.1340198768,3917.092691351355,283040.45294669375,298049.835449338
258879.0,302370.6979354686,3435.078821912345,295975.57194062736,308433.9876305266
232986.0,233729.59711268224,4188.957450609454,225097.8461298558,242290.45509979507
230027.0,270988.9778073194,4112.58452867588,262922.4779978782,278734.0181276398
321281.0,285767.4318483547,3803.951833554476,278138.9475781454,293528.13724204997
316094.0,250428.61832288897,4669.293504520696,242213.19271625616,260234.18181968515
358570.0,312366.2737064989,3490.318128054453,306097.3948428059,319890.1868243239
238757.0,216050.92408598078,3407.866556678139,209832.8426526744,222702.6986407432
222392.0,224604.73637272173,3562.690596554111,217967.05886188566,230906.79882698675
264867.0,231677.747163283,3241.7800091117188,225461.64021244226,237771.61880506156
308890.0,259855.0896294213,3728.7260060362723,251729.3889204882,265976.5300716681
315479.0,239615.39764663443,8079.124453750016,224171.9851922619,255165.99347143635
204391.0,239354.7162024954,3593.8646635422056,232539.3210343036,246613.19571000861
229668.0,252219.07833123926,4736.425564081401,244241.5577290553,260760.01792912532
302450.0,304429.7130478407,4153.5528080523145,297115.952200069,313105.4289541528
276602.0,262444.6777867742,3408.52454617325,256329.89250922736,268960.9752129948
276850.0,251621.46829589168,2945.8824560243966,245974.78987786637,256659.88757929756
267018.0,224469.8838114516,2669.5393859075666,218786.2038339803,228831.71334412586
236839.0,204034.48243262206,3610.436763455077,197032.78001120564,211549.05825852632
252270.0,236714.32240920313,8566.409564748412,222133.95613690704,254427.77788928978
250783.0,245012.69853938735,3338.394175149798,238451.8068528052,251024.85682270364
213888.0,191326.63380119507,6581.721955072515,177716.0758793571,202019.56121857854
143009.0,148996.0770160581,4015.0750976934796,141109.52206001463,156751.59365274213
166257.0,177144.1487087301,8554.047394725814,161614.869919768,192038.68052817907
178966.0,176305.71671583725,3622.95770577465,168671.13395148533,182475.9746063798
190928.0,179487.69713569767,3852.159611446577,173567.24035839512,186929.57668684996
158833.0,156293.34660497523,3529.4972260089626,148154.36817202708,162563.90410413494
156444.0,173322.62387840037,3480.195128982261,166445.70809008417,179615.33970932514
172212.0,172722.77359770655,3126.4326257467787,166653.956980048,178988.21815475324
180420.0,160779.04265873754,3085.2028129209198,154766.22462045378,166704.97920683402
177159.0,159156.2872418544,2505.07772575229,154112.61738318496,163683.66337214436
162740.0,157461.3627097502,2975.5686474526665,151978.951344347,162917.4633953766
181579.0,142075.65118507438,2756.8553419515406,136633.449612048,147232.4501155859
169597.0,167269.08145149174,2014.286878962142,163894.7425159011,170865.2518788274
163193.0,168568.89112356573,2678.649678637201,163930.91045142143,174344.00033674302
142949.0,171494.24394925803,4326.363217607131,163863.37817760775,179786.40700281807
164671.0,156871.40583466215,2474.1664871471194,152137.44960704973,161955.98158597096
141217.0,166102.7332084569,2230.071653851291,162180.222099951,170689.0540047084
165923.0,167045.7945556561,2706.8328666615694,161235.25305600648,171981.26211930456
155077.0,158261.6483402795,2819.56407530747,153270.5322344436,163652.13121487125
183906.0,150755.93934643018,2913.9865266084653,144772.2143525656,155900.8057774416
145467.0,165322.90448984058,2524.8467409555033,160134.11919126738,169891.62898043083
161277.0,147213.73450872858,2906.7869496706335,141625.84802564894,152577.80789240377
142126.0,166371.17746326295,2382.241256240922,161895.90999270589,170821.60742509147
141899.0,172725.05672331052,2392.701357647451,168452.59558595336,176957.56271421385
186684.0,170769.65574871807,2061.203966004227,166442.89375898466,174626.44377832537
139367.0,158973.3008248791,3450.34477343977,150817.52205926765,164867.03023955185
138814.0,161601.02192858324,3083.9440336736197,155264.78396174544,167691.22834972426
135216.0,161459.58565856158,2387.4480884631566,156432.85505988685,166057.94907755102
167217.0,184509.36179816123,3180.7326388940523,177891.1560291057,190349.8978084714
154392.0,191599.7231094438,4888.117460178452,182156.53531234688,200512.5554386464
150126.0,183713.0157604265,4513.684578424029,174898.97436956264,193335.62968164368
148153.0,167507.99923745162,2264.184593703013,163272.9850443252,171860.80469504124
151996.0,153207.6803682256,3943.977637406774,145474.5701680698,161811.92576563422
181358.0,161283.47109227753,2914.5934689606233,155814.65060453827,167097.75858952367
168266.0,168280.80970691502,2443.378133589653,163310.36505627027,172630.37127536576
190257.0,166010.60083295807,3907.849385770942,158495.99453897265,172802.47404626687
152984.0,162173.7345028087,2456.956141210512,157301.7916067321,166571.99889901714
139144.0,162759.61666539666,3478.86676422886,156647.37176340382,169095.85850107393
180319.0,169709.0665368199,3434.717177588954,162916.39953175778,176083.31227731807
147700.0,162991.5014469304,2997.429444894073,157301.352316801,169261.67318659087
126685.0,155956.0643217761,9488.172244273517,138659.61152182572,175748.0445865811
161045.0,193311.90491374081,3283.081699880743,186608.7316677955,199752.97159898616
208553.0,217452.82808359523,3399.4043426598823,211713.0484854417,224594.7303419762
193950.0,213118.64374826438,3632.451582673522,206659.12123725627,219674.28281774255
259476.0,240453.60934377703,3528.6948715142435,232906.8001094538,246773.76567230272
236849.0,206174.0561010992,3149.921135658315,200558.19167552906,211847.83283300768
267083.0,260565.09814305627,3307.382367905946,255005.6241158769,266832.7024596203
274418.0,259351.4986695188,3166.606727107598,253238.16807688226,265053.98503006843
278707.0,267093.01091634354,3626.128875505071,260450.90090663114,274375.94526931964
304542.0,298125.5475164821,3432.159724127163,291740.25098577363,304995.71705898445
337282.0,332930.0157516727,3241.1645551123393,326807.11491140333,339031.635073111
325781.0,324522.33699100884,3401.7471855596377,317865.0162109883,331838.72495340474
298633.0,322842.2051666563,3152.8247557747836,317342.6661085686,328394.278506042
319023.0,299189.54467712046,3163.167350623395,292035.889320035,305986.67240860383
238132.0,271137.38100495626,3421.8060595862917,264808.07772162,278253.8801517699
250308.0,294728.6719307095,3157.0574269044796,288615.6193257969,301261.7351936583
265568.0,294478.72722191317,3657.8294257040366,287359.222203536,301223.59563376446
322974.0,312649.71991431614,3351.788706608678,305895.60287227493,319398.0246764245
342131.0,342342.6252797209,3377.17364256343,336130.6153029926,348242.2497927571
326732.0,314002.0390369089,3497.7510372519077,307998.13796846033,320814.8921154227
327865.0,320598.5120085065,2973.310683454141,314749.5482512928,326539.1303981569
314863.0,307345.388884142,3101.674336806371,301362.230370897,313426.6596060911
325912.0,334062.2523133508,3128.525316246178,327548.16744024114,339810.65319783497
304173.0,316023.30554529355,3327.720817127856,309013.96927901724,322215.31695413764
317462.0,306554.19199350086,3037.1380292464955,300407.9477887363,312409.1257604197
284201.0,254833.92641289104,4565.312963206481,245107.3311543997,262722.6156952648
290143.0,283132.85788415605,3052.316408419225,277905.5266331489,289454.46828463586
291500.0,263530.3453349967,3229.0403526543246,257366.614423879,269861.2238441255
226024.0,279002.9180658831,3870.1110348111742,271329.3426300891,286278.0912051608
252588.0,261918.0099253448,4137.7791691606235,253016.01458996057,269474.1239415775
241335.0,288002.6522952276,3307.173757000174,282342.65833286865,294694.47376981756
293504.0,264213.73398835096,3376.8066231029156,257775.14799207778,270556.0745408376
263535.0,253415.72420269955,3433.431533055297,246487.71163135752,260274.10954412748
290694.0,265401.26725201344,3337.821058914925,258525.435992227,271855.0336136289
258790.0,246797.27681314363,4054.5263237229215,238493.1691639513,253865.1934747623
245360.0,238072.253851838,8564.011324103672,223956.3169642116,256572.58644309276
291124.0,234392.32800787053,4403.680959875543,225929.9176626697,242313.4603599063
276231.0,262214.9477049302,3327.6039974782066,255255.07096802734,268553.3895949125
274181.0,236076.50685132324,2983.4424907750695,230037.67036355665,241304.8979162732
298562.0,275152.99973723775,3322.644507454973,269390.858404709,281460.33350156737
245151.0,168049.4699797895,4450.331787601465,159158.09425901945,176089.31128020733
237243.0,209868.03611715528,8469.2648234001,194740.73189259844,225736.65630680713
172505.0,187553.5582761011,2620.29030208203,182728.07588764044,192624.2803812949
220476.0,204660.27710503057,3822.620804135867,197557.01601351122,212171.5154758547
216267.0,188861.31313579052,3751.9360466970497,181307.0931079997,196242.51056833574
212747.0,169916.85972692116,3741.910472163045,162740.83791678067,177141.18219807447
175484.0,160266.94799653065,3404.982046717622,153404.16919117986,166743.5051130944
192194.0,156411.00935784465,2377.478698776197,151846.2040877036,161446.78333502257
187990.0,157521.5195587991,2152.4346694365754,153159.77202799934,161859.99555047386
162086.0,151668.4646158579,2315.838756089866,146718.53012182796,155962.79172460717
151812.0,147516.52869019247,2379.2787660155786,143282.5413495412,152344.4866641396
180346.0,158511.60791510408,2111.5066351883156,154567.38320363266,162556.6297884969
183066.0,149524.91824602592,2843.8533440084207,144260.30939837487,155293.0422084407
143333.0,157816.35748839806,2802.3822641856736,152674.85194304184,162947.96027755697
165901.0,153751.6472829324,2734.216217069355,149015.96841984135,158876.09573672985
170559.0,153154.78105069662,3128.5681100874567,147067.93456063714,158654.87657684064
181038.0,164773.9961229454,4388.546364806392,155174.14224855287,173056.57558569103
188108.0,156220.9740961903,3367.4014187364255,149712.5259487437,163170.69708207538
187979.0,163402.19144129983,7299.758398809469,149362.57174142427,176819.8541009685
143088.0,170796.120986784,4073.297990235812,163392.70868014923,178677.97766357262
153021.0,175797.65855259576,3470.6640956031624,169207.16774171047,182440.44976728215
179389.0,171339.96384342224,2297.6739628909354,167277.58600654092,175782.92987861944
181988.0,165589.0988250848,3338.0596694792143,159258.76470691868,171874.17774330784
187166.0,167054.31508023952,3581.269448226984,159033.65636388666,173485.6692006451
179981.0,144091.15809319634,2869.3716367276115,138455.80157032242,149532.35157616792
165008.0,170645.15188213735,4190.044570782823,161571.36159981595,178037.1694600526
181567.0,174365.34519355182,2380.473492449334,169873.93174822378,179227.4433350158
211967.0,169869.5510135075,2989.709919023292,163878.19079101537,176009.9770658121
203329.0,171114.48649648324,2152.192507723296,167072.7903774477,176038.90353590247
210892.0,186458.59777902093,4567.940669418432,178160.60465967422,195332.97267409676
199375.0,181690.1280178373,3353.6333109332086,175990.47961504033,189169.61300620146
208372.0,170131.27566717955,2118.9409322289766,166503.73930376544,174787.74609601445
182793.0,184103.29148024097,3737.3510547964743,177559.35537666312,192300.9884865054
194499.0,177784.45790316255,2462.356065396841,172888.87788259785,182694.19808190237
182208.0,176614.704374619,2396.3736047690627,172696.96813889284,181036.19426213077
165129.0,169840.59197981175,2104.5305868261808,165717.77370758486,173567.42164292984
135561.0,176692.2397882757,3110.0285567090004,171181.53352743603,183410.63028773267
188473.0,186440.19184945346,4488.682540191564,178291.54119278103,195294.7104121632
190707.0,169990.87348577345,3755.416722050657,161325.55159455258,176708.77785972168
159362.0,174492.44535245968,3106.8006080027853,168755.997140639,181860.85550134946
190056.0,183879.4115666071,3303.4602430842083,177557.02019961888,189590.9176647793
176035.0,179045.14746281502,3680.059484506805,171307.92077571488,185961.21036412666
148164.0,176207.8138548186,4067.345015983093,167287.62645777853,184079.35306746606
225911.0,237295.40643417634,4553.129198963646,229808.015899161,245606.70065274654
215427.0,233744.28008200796,3148.7489354119352,227762.3718551834,240451.28611559691
232759.0,268208.41680526454,4035.4002296171243,260699.3586143982,276743.78040332586
311203.0,307330.521959756,2909.5339708025435,301046.1743829375,312632.31746334414
309751.0,303941.8672605111,3527.318411205926,297843.0559489402,310050.054856567
289788.0,303457.86715819483,3229.2579860230876,297608.1844062056,311409.44372487953
312127.0,328876.9293906849,2933.672500703218,323703.808070553,334632.26865668263
348508.0,328320.82386076415,4666.995997954891,319988.64176236023,337739.1992119878
313436.0,290378.99340846506,3256.3904083711936,284196.0236632651,296767.78541882604
247497.0,291841.46585309616,2894.5723206928533,285875.66873825394,297573.0882524166
212250.0,219167.39369181253,4025.667220716542,211640.50424468867,226950.1477115344
174292.0,245228.75053828015,3018.9162972562463,239376.82707435088,250382.58990874575
182318.0,241366.31900129616,3403.375431826047,235196.47151728772,248090.18244986338
193740.0,254972.44251339647,3812.107973034382,247659.63985692343,262265.08761185274
196649.0,258905.3675132016,4246.502737320649,250788.5011819601,266581.52978479944
218216.0,264304.20194259845,3433.832790081472,257717.77929883436,270803.25667239685
339835.0,332123.4344413813,3419.8554419868506,324832.342237714,338285.38480558
322392.0,338914.372061434,4695.943376745261,329845.39965477365,348590.91010633943
241954.0,276759.8870379508,3546.0978359556616,269993.8974322239,284203.22554479603
248972.0,283611.98701227264,3219.6135315533293,277025.76718681026,289434.87569895264
288657.0,252647.75600168508,3678.21086173784,243759.11720230296,259569.31484269237
309610.0,272992.23624045425,3267.3762052359352,266750.8636861014,279041.23584180005
310562.0,283992.3459770203,2944.888026101657,278881.522901087,289981.04185545054
272695.0,278530.5086922914,3315.329861365255,272857.6362651443,284802.59205233445
167992.0,183763.55053299986,3192.557367553839,177489.05257252796,189711.7287030269
160931.0,192103.91171431608,3775.169690297393,185882.6448137122,199115.5419774187
176590.0,197713.9308322376,3999.822744523227,190410.93257549504,205958.60970457015
163142.0,210369.63495654357,3945.277410271734,203329.99945526762,218388.6874051614
204869.0,253389.94358586665,3631.2020865932686,245853.5339120472,259739.39576843928
194547.0,217837.55759577293,3140.495364599667,211770.11275347782,223489.92867681736
179854.0,214927.76709223978,3090.1321339602355,209646.97890643394,221758.33419982286
153584.0,206659.62327416203,2786.434504526436,201424.18115743768,211917.00891293283
167907.0,185414.20682209765,3227.741661358264,178918.718255119,191626.68531091325
161734.0,188904.7491913723,3492.8026023881976,182636.36733405982,195555.835933143
172338.0,223497.12483737187,4230.268993011156,215261.2099843339,232239.98849788893
179393.0,211611.34043044611,5168.089058389907,201234.24194903875,222449.232767722
176071.0,196986.17710206288,3617.3883432812527,190384.98811285442,204315.53461497324
166354.0,185990.35149455414,3559.333733414637,179882.60892441368,193447.28795919244
161345.0,169128.84229264618,3621.72266040392,161518.09950785514,176010.6339698213
145705.0,167132.80316919563,4026.904144083922,158984.46647172142,174811.7684877463
155008.0,166208.97641271094,3073.2152903410843,160612.07157265165,172429.65104632842
150937.0,163769.1053616103,2442.3785253523824,158925.04146542642,167954.62708746284
152516.0,168456.84300630182,3792.1707110640896,161341.40433060602,175969.72525606718
133290.0,180459.2678499176,3762.0450469569755,172913.0996640438,188118.7052872713
154326.0,165831.05889695967,3456.238305009587,159339.15475696058,171543.43848335094
154727.0,163408.85199292513,3782.0169852411573,156971.681517768,170872.5145527125
138441.0,162242.8607646434,3983.054429013859,155345.127517657,169012.0843937141
129494.0,152413.05507449346,2465.3595701637664,148075.15067543392,157426.32747118402
143044.0,160701.43939666662,3947.6888079208493,153194.76856979018,167802.43981926749
141451.0,147762.59665202897,2607.803576681101,143060.62180562402,153458.34424094655
131487.0,140996.11490801207,3950.4550480036155,133187.3590442877,148249.5317805885
141812.0,151638.18653715463,2729.10145509068,146617.28074418838,156871.34871358008
161170.0,136618.12612648186,3940.6626870033356,129057.97097977764,143931.17032621187
126059.0,157849.87234834742,2877.072957071887,152119.51205051804,163691.10643437202
157892.0,173317.27081238615,3514.658786618737,167198.75765115442,180343.66050758935
159474.0,172890.64651961403,2307.6760731507034,168728.46058141396,177001.94177869643
137953.0,156796.26808546687,3006.9906515604134,150803.44631455882,162957.99951725415
152048.0,169943.38092943147,3784.059576901371,161990.0687748548,176785.4435998761
158921.0,182161.47513393377,3275.8428282674295,175886.2760427846,188468.87424832603
192171.0,181800.24537588254,3008.7103890258236,176884.33501083095,187948.17582493922
148722.0,173274.72178510076,2176.6658847677677,169032.74569614785,177059.89313204202
205631.0,190306.1488815925,4316.201111069845,182242.68207245538,198888.0225416747
139536.0,170900.99238162578,3830.371693580473,164121.49993989084,178455.06896725512
174111.0,172747.45776467,4807.091908337195,164566.64168269574,182660.33505331428
150325.0,167035.37591597988,3549.5796953636636,159977.19073701836,173148.80483478034
148060.0,174644.060421643,2324.2641750828993,170357.46678027784,178886.0591331454
186724.0,195964.4484830321,7173.649645233172,181782.83782649718,209141.27869519332
141251.0,156414.3890146837,7898.08318111225,141884.54509909585,170289.6789634625
191529.0,168306.15290085092,2978.378028770226,163242.17604156333,174398.0438667071
167490.0,160420.58349933187,2024.4840041200014,156266.8792985368,164609.06902781304
137461.0,172110.95693001588,2434.104461844203,167012.2608339712,176555.654543818
158944.0,179702.6101199903,2126.2164759458287,175869.23612935492,183932.3493435148
159158.0,173948.3958313477,2636.8104007007883,169120.906470671,178786.3830856825
156637.0,161129.8581266255,2773.942621387029,156845.18534782936,166668.7924790241
155772.0,160971.57529632904,4119.571080594376,152758.56200071526,168533.87482444037
153506.0,166822.57554275438,3212.5710070245696,159647.4850670643,171967.11462641717
155057.0,170092.57310236874,3566.9519433944924,163464.4112451226,176667.72230581334
156427.0,163898.14367457555,3228.31748342854,157758.13790288725,170201.50650539531
153078.0,163767.8988871546,3043.3942045437857,157051.44224988564,170053.04336399402
155195.0,170491.41161044617,3411.6433565963257,164147.26789142008,177339.3981332389
152652.0,166962.62512355178,2644.101704464036,162440.29528707374,171982.54749837445
188644.0,173639.1777330541,3018.742646729278,168147.50734273798,179936.9952115583
160919.0,173892.65530038322,3168.9703562562718,167500.24841762916,180000.29821465406
204049.0,171936.84769020192,2894.201531917755,166436.37753474116,178302.11254702348
127972.0,170296.02637674843,3564.119242808463,162990.36661578383,176775.42474000485
148802.0,188292.88195698767,4019.142298608972,179999.0980928801,195580.1069106755
138183.0,199936.93892820887,3339.0773652853827,194284.132523654,206235.12002392323
197585.0,275282.08561200846,4656.671736076876,266764.45761544374,284078.73189472634
172120.0,241989.295860821,3544.748327234519,234962.0803523558,248791.38561551832
251194.0,324941.5977853685,3035.0144675638167,319327.5445705499,330987.8836675534
306587.0,296230.16698605986,3625.2573481626287,289723.5080590936,303475.9665789321
292278.0,261032.79898429272,5252.846440280566,249891.71321589683,270164.2673947601
297465.0,339554.06226265355,3928.199109640329,332156.6146815299,347175.7278215184
284698.0,262939.1330629451,4002.3465863482206,254865.43577852604,270088.7305535424
258751.0,292372.39312181005,3400.8977619791162,286036.45698102633,299148.79647550464
227954.0,309208.87978372676,2833.3323264990095,303399.64718248445,314825.01744030043
245277.0,281672.06667837116,4591.463470149246,272804.26826832496,290037.3725821678
